spec,lemma,best_avg_acc,sense1,sense2
[0],background,0.6594,/dictionary/sense/en_us_NOAD3e_2012/m_en_us1224298.005,/dictionary/sense/en_us_NOAD3e_2012/m_en_us1224298.001
[0],reading,0.5476,/dictionary/sense/en_us_NOAD3e_2012/m_en_us1283249.001,/dictionary/sense/en_us_NOAD3e_2012/m_en_us1283259.001
[0],account,0.5700000000000001,/dictionary/sense/en_us_NOAD3e_2012/m_en_us1219574.005,/dictionary/sense/en_us_NOAD3e_2012/m_en_us1219574.001
[0],line,0.5643,/dictionary/sense/en_us_NOAD3e_2012/m_en_us1263591.001,/dictionary/sense/en_us_NOAD3e_2012/m_en_us1263591.025
[0],deep,0.5985,/dictionary/sense/en_us_NOAD3e_2012/m_en_us1238936.001,/dictionary/sense/en_us_NOAD3e_2012/m_en_us1238936.008
[0],further,0.5445,/dictionary/sense/en_us_NOAD3e_2012/m_en_us1249623.011,/dictionary/sense/en_us_NOAD3e_2012/m_en_us1249623.006
[0],degree,0.5904999999999999,/dictionary/sense/en_us_NOAD3e_2012/m_en_us1239101.001,/dictionary/sense/en_us_NOAD3e_2012/m_en_us1239101.012
[0],whole,0.5704,/dictionary/sense/en_us_NOAD3e_2012/m_en_us1306243.001,/dictionary/sense/en_us_NOAD3e_2012/m_en_us1306243.006
[0],movement,0.5574,/dictionary/sense/en_us_NOAD3e_2012/m_en_us1269573.001,/dictionary/sense/en_us_NOAD3e_2012/m_en_us1269573.009
[0],big,0.5801999999999999,/dictionary/sense/en_us_NOAD3e_2012/m_en_us1226340.001,/dictionary/sense/en_us_NOAD3e_2012/m_en_us1226340.010
[0],follow,0.5506,/dictionary/sense/en_us_NOAD3e_2012/m_en_us1248194.001,/dictionary/sense/en_us_NOAD3e_2012/m_en_us1248194.006
[0],fail,0.5789,/dictionary/sense/en_us_NOAD3e_2012/m_en_us1246013.001,/dictionary/sense/en_us_NOAD3e_2012/m_en_us1246013.005
[0],race,0.7271999999999998,/dictionary/sense/en_us_NOAD3e_2012/m_en_us1282615.001,/dictionary/sense/en_us_NOAD3e_2012/m_en_us1282614.012
[0],must,0.5493000000000001,/dictionary/sense/en_us_NOAD3e_2012/m_en_us1270091.001,/dictionary/sense/en_us_NOAD3e_2012/m_en_us1270091.004
[0],ground,0.6679999999999999,/dictionary/sense/en_us_NOAD3e_2012/m_en_us1252457.001,/dictionary/sense/en_us_NOAD3e_2012/m_en_us1252457.011
[0],shake,0.6025,/dictionary/sense/en_us_NOAD3e_2012/m_en_us1289619.004,/dictionary/sense/en_us_NOAD3e_2012/m_en_us1289619.001
[0],pay,0.542,/dictionary/sense/en_us_NOAD3e_2012/m_en_us1276209.001,/dictionary/sense/en_us_NOAD3e_2012/m_en_us1276209.008
[0],solution,0.6224999999999999,/dictionary/sense/en_us_NOAD3e_2012/m_en_us1292287.001,/dictionary/sense/en_us_NOAD3e_2012/m_en_us1292287.003
[0],better,0.5281,/dictionary/sense/en_us_NOAD3e_2012/m_en_us1226175.001,/dictionary/sense/en_us_NOAD3e_2012/m_en_us1226175.006
[0],gather,0.6395000000000001,/dictionary/sense/en_us_NOAD3e_2012/m_en_us1250220.002,/dictionary/sense/en_us_NOAD3e_2012/m_en_us1250220.001
[0],part,0.5267000000000001,/dictionary/sense/en_us_NOAD3e_2012/m_en_us1275784.001,/dictionary/sense/en_us_NOAD3e_2012/m_en_us1275784.009
[0],get,0.5234000000000001,/dictionary/sense/en_us_NOAD3e_2012/m_en_us1250696.006,/dictionary/sense/en_us_NOAD3e_2012/m_en_us1250696.019
[0],scene,0.5589000000000001,/dictionary/sense/en_us_NOAD3e_2012/m_en_us1287660.001,/dictionary/sense/en_us_NOAD3e_2012/m_en_us1287660.008
[0],study,0.7314,/dictionary/sense/en_us_NOAD3e_2012/m_en_us1295106.005,/dictionary/sense/en_us_NOAD3e_2012/m_en_us1295106.015
[0],note,0.7806,/dictionary/sense/en_us_NOAD3e_2012/m_en_us1272172.013,/dictionary/sense/en_us_NOAD3e_2012/m_en_us1272172.001
[0],best,0.5347999999999999,/dictionary/sense/en_us_NOAD3e_2012/m_en_us1226116.001,/dictionary/sense/en_us_NOAD3e_2012/m_en_us1251501.004
[0],win,0.5405,/dictionary/sense/en_us_NOAD3e_2012/m_en_us1306499.002,/dictionary/sense/en_us_NOAD3e_2012/m_en_us1306499.001
[0],story,0.5932000000000001,/dictionary/sense/en_us_NOAD3e_2012/m_en_us1294727.001,/dictionary/sense/en_us_NOAD3e_2012/m_en_us1294727.006
[0],contact,0.5822,/dictionary/sense/en_us_NOAD3e_2012/m_en_us1235578.001,/dictionary/sense/en_us_NOAD3e_2012/m_en_us1235578.006
[0],witness,0.8301999999999999,/dictionary/sense/en_us_NOAD3e_2012/m_en_us1306793.001,/dictionary/sense/en_us_NOAD3e_2012/m_en_us1306793.008
[0],tax,0.5771,/dictionary/sense/en_us_NOAD3e_2012/m_en_us1297266.001,/dictionary/sense/en_us_NOAD3e_2012/m_en_us1297266.003
[0],white,0.5993,/dictionary/sense/en_us_NOAD3e_2012/m_en_us1306086.001,/dictionary/sense/en_us_NOAD3e_2012/m_en_us1306086.010
[0],call,0.5281,/dictionary/sense/en_us_NOAD3e_2012/m_en_us1230162.015,/dictionary/sense/en_us_NOAD3e_2012/m_en_us1230162.001
[0],most,0.5551999999999999,/dictionary/sense/en_us_NOAD3e_2012/m_en_us1269360.005,/dictionary/sense/en_us_NOAD3e_2012/m_en_us1269360.007
[0],sex,0.6384,/dictionary/sense/en_us_NOAD3e_2012/m_en_us1289462.001,/dictionary/sense/en_us_NOAD3e_2012/m_en_us1289462.003
[0],chest,0.5653,/dictionary/sense/en_us_NOAD3e_2012/m_en_us1232499.001,/dictionary/sense/en_us_NOAD3e_2012/m_en_us1232499.004
[0],pass,0.5554,/dictionary/sense/en_us_NOAD3e_2012/m_en_us1275903.021,/dictionary/sense/en_us_NOAD3e_2012/m_en_us1275903.005
[0],full,0.5462,/dictionary/sense/en_us_NOAD3e_2012/m_en_us1249427.008,/dictionary/sense/en_us_NOAD3e_2012/m_en_us1249427.001
[0],dry,0.7317,/dictionary/sense/en_us_NOAD3e_2012/m_en_us1242243.001,/dictionary/sense/en_us_NOAD3e_2012/m_en_us1242243.018
[0],turn,0.5278,/dictionary/sense/en_us_NOAD3e_2012/m_en_us1301051.001,/dictionary/sense/en_us_NOAD3e_2012/m_en_us1301051.015
[0],how,0.5176000000000001,/dictionary/sense/en_us_NOAD3e_2012/m_en_us1256048.001,/dictionary/sense/en_us_NOAD3e_2012/m_en_us1256048.004
[0],history,0.5519999999999999,/dictionary/sense/en_us_NOAD3e_2012/m_en_us1255151.001,/dictionary/sense/en_us_NOAD3e_2012/m_en_us1255151.003
[0],case,0.5336000000000001,/dictionary/sense/en_us_NOAD3e_2012/m_en_us1231100.001,/dictionary/sense/en_us_NOAD3e_2012/m_en_us1231100.009
[0],look,0.5250999999999999,/dictionary/sense/en_us_NOAD3e_2012/m_en_us1264302.001,/dictionary/sense/en_us_NOAD3e_2012/m_en_us1264302.013
[0],side,0.5468,/dictionary/sense/en_us_NOAD3e_2012/m_en_us1290484.001,/dictionary/sense/en_us_NOAD3e_2012/m_en_us1290484.015
[0],really,0.5468,/dictionary/sense/en_us_NOAD3e_2012/m_en_us1283295.001,/dictionary/sense/en_us_NOAD3e_2012/m_en_us1283295.004
[0],far,0.5578999999999998,/dictionary/sense/en_us_NOAD3e_2012/m_en_us1246250.003,/dictionary/sense/en_us_NOAD3e_2012/m_en_us1246250.001
[0],place,0.7190000000000001,/dictionary/sense/en_us_NOAD3e_2012/m_en_us1278491.001,/dictionary/sense/en_us_NOAD3e_2012/m_en_us1278491.024
[0],up,0.6291,/dictionary/sense/en_us_NOAD3e_2012/m_en_us1302984.001,/dictionary/sense/en_us_NOAD3e_2012/m_en_us1302984.012
[0],continue,0.7171,/dictionary/sense/en_us_NOAD3e_2012/m_en_us1235657.001,/dictionary/sense/en_us_NOAD3e_2012/m_en_us1235657.006
[0],abandon,0.6202000000000001,/dictionary/sense/en_us_NOAD3e_2012/m_en_us1219230.001,/dictionary/sense/en_us_NOAD3e_2012/m_en_us1219230.003
[0],live,0.536,/dictionary/sense/en_us_NOAD3e_2012/m_en_us1263900.001,/dictionary/sense/en_us_NOAD3e_2012/m_en_us1263900.008
[0],take,0.5166000000000001,/dictionary/sense/en_us_NOAD3e_2012/m_en_us1296844.001,/dictionary/sense/en_us_NOAD3e_2012/m_en_us1296844.027
[0],view,0.5431,/dictionary/sense/en_us_NOAD3e_2012/m_en_us1304221.007,/dictionary/sense/en_us_NOAD3e_2012/m_en_us1304221.001
[0],mean,0.8089000000000001,/dictionary/sense/en_us_NOAD3e_2012/m_en_us1266763.001,/dictionary/sense/en_us_NOAD3e_2012/m_en_us1266773.001
[0],certain,0.5394,/dictionary/sense/en_us_NOAD3e_2012/m_en_us1231804.003,/dictionary/sense/en_us_NOAD3e_2012/m_en_us1231804.001
[0],stress,0.6578,/dictionary/sense/en_us_NOAD3e_2012/m_en_us1294921.005,/dictionary/sense/en_us_NOAD3e_2012/m_en_us1294921.007
[0],imagine,0.6078,/dictionary/sense/en_us_NOAD3e_2012/m_en_us1257152.001,/dictionary/sense/en_us_NOAD3e_2012/m_en_us1257152.003
[0],complete,0.8661,/dictionary/sense/en_us_NOAD3e_2012/m_en_us1234960.007,/dictionary/sense/en_us_NOAD3e_2012/m_en_us1234960.001
[0],character,0.5724,/dictionary/sense/en_us_NOAD3e_2012/m_en_us1232127.011,/dictionary/sense/en_us_NOAD3e_2012/m_en_us1232127.007
[0],play,0.5366,/dictionary/sense/en_us_NOAD3e_2012/m_en_us1278708.001,/dictionary/sense/en_us_NOAD3e_2012/m_en_us1278708.007
[0],believe,0.5441000000000001,/dictionary/sense/en_us_NOAD3e_2012/m_en_us1225789.001,/dictionary/sense/en_us_NOAD3e_2012/m_en_us1225789.005
[0],cover,0.5577,/dictionary/sense/en_us_NOAD3e_2012/m_en_us1236650.001,/dictionary/sense/en_us_NOAD3e_2012/m_en_us1236650.008
[0],run,0.5678,/dictionary/sense/en_us_NOAD3e_2012/m_en_us1286272.001,/dictionary/sense/en_us_NOAD3e_2012/m_en_us1286272.031
[0],free,0.5717999999999999,/dictionary/sense/en_us_NOAD3e_2012/m_en_us1248904.015,/dictionary/sense/en_us_NOAD3e_2012/m_en_us1248904.001
[0],strike,0.6288,/dictionary/sense/en_us_NOAD3e_2012/m_en_us1294954.001,/dictionary/sense/en_us_NOAD3e_2012/m_en_us1294954.017
[0],sense,0.5489999999999999,/dictionary/sense/en_us_NOAD3e_2012/m_en_us1289077.002,/dictionary/sense/en_us_NOAD3e_2012/m_en_us1289077.007
[0],raise,0.5982999999999998,/dictionary/sense/en_us_NOAD3e_2012/m_en_us1282868.001,/dictionary/sense/en_us_NOAD3e_2012/m_en_us1282868.008
[0],save,0.5866,/dictionary/sense/en_us_NOAD3e_2012/m_en_us1287428.001,/dictionary/sense/en_us_NOAD3e_2012/m_en_us1287428.009
[0],spot,0.7323999999999999,/dictionary/sense/en_us_NOAD3e_2012/m_en_us1293414.007,/dictionary/sense/en_us_NOAD3e_2012/m_en_us1293414.015
[0],commit,0.6084999999999999,/dictionary/sense/en_us_NOAD3e_2012/m_en_us1234770.001,/dictionary/sense/en_us_NOAD3e_2012/m_en_us1234770.002
[0],school,0.5762999999999999,/dictionary/sense/en_us_NOAD3e_2012/m_en_us1287761.001,/dictionary/sense/en_us_NOAD3e_2012/m_en_us1287761.006
[0],property,0.682,/dictionary/sense/en_us_NOAD3e_2012/m_en_us1281159.001,/dictionary/sense/en_us_NOAD3e_2012/m_en_us1281159.005
[0],then,0.5246999999999999,/dictionary/sense/en_us_NOAD3e_2012/m_en_us1298166.002,/dictionary/sense/en_us_NOAD3e_2012/m_en_us1298166.004
[0],measure,0.7870000000000001,/dictionary/sense/en_us_NOAD3e_2012/m_en_us1266792.001,/dictionary/sense/en_us_NOAD3e_2012/m_en_us1266792.024
[0],draw,0.6095,/dictionary/sense/en_us_NOAD3e_2012/m_en_us1241991.011,/dictionary/sense/en_us_NOAD3e_2012/m_en_us1241991.023
[0],beat,0.6780000000000002,/dictionary/sense/en_us_NOAD3e_2012/m_en_us1225482.011,/dictionary/sense/en_us_NOAD3e_2012/m_en_us1225482.001
[0],rise,0.5694,/dictionary/sense/en_us_NOAD3e_2012/m_en_us1285302.024,/dictionary/sense/en_us_NOAD3e_2012/m_en_us1285302.001
[0],gradient,0.6311,/dictionary/sense/en_us_NOAD3e_2012/m_en_us1251738.001,/dictionary/sense/en_us_NOAD3e_2012/m_en_us1251738.004
[0],central,0.6466999999999998,/dictionary/sense/en_us_NOAD3e_2012/m_en_us1231691.001,/dictionary/sense/en_us_NOAD3e_2012/m_en_us1231691.004
[0],depth,0.6494,/dictionary/sense/en_us_NOAD3e_2012/m_en_us1239575.006,/dictionary/sense/en_us_NOAD3e_2012/m_en_us1239575.001
[0],day,0.5292,/dictionary/sense/en_us_NOAD3e_2012/m_en_us1238506.001,/dictionary/sense/en_us_NOAD3e_2012/m_en_us1238506.007
[0],think,0.5803,/dictionary/sense/en_us_NOAD3e_2012/m_en_us1298366.001,/dictionary/sense/en_us_NOAD3e_2012/m_en_us1298366.004
[0],move,0.6029,/dictionary/sense/en_us_NOAD3e_2012/m_en_us1269570.001,/dictionary/sense/en_us_NOAD3e_2012/m_en_us1269570.011
[0],agree,0.5818,/dictionary/sense/en_us_NOAD3e_2012/m_en_us1220472.001,/dictionary/sense/en_us_NOAD3e_2012/m_en_us1220472.003
[0],purchase,0.643,/dictionary/sense/en_us_NOAD3e_2012/m_en_us1281893.001,/dictionary/sense/en_us_NOAD3e_2012/m_en_us1281893.004
[0],break,0.5860000000000001,/dictionary/sense/en_us_NOAD3e_2012/m_en_us1228580.001,/dictionary/sense/en_us_NOAD3e_2012/m_en_us1228580.017
[0],action,0.5528000000000001,/dictionary/sense/en_us_NOAD3e_2012/m_en_us1219785.001,/dictionary/sense/en_us_NOAD3e_2012/m_en_us1219785.009
[0],serve,0.5343,/dictionary/sense/en_us_NOAD3e_2012/m_en_us1289303.001,/dictionary/sense/en_us_NOAD3e_2012/m_en_us1289303.014
[0],head,0.7725,/dictionary/sense/en_us_NOAD3e_2012/m_en_us1253938.001,/dictionary/sense/en_us_NOAD3e_2012/m_en_us1253938.048
[0],write,0.5410999999999999,/dictionary/sense/en_us_NOAD3e_2012/m_en_us1307274.008,/dictionary/sense/en_us_NOAD3e_2012/m_en_us1307274.005
[0],touch,0.7295,/dictionary/sense/en_us_NOAD3e_2012/m_en_us1299578.001,/dictionary/sense/en_us_NOAD3e_2012/m_en_us1299578.023
[0],bother,0.6319000000000001,/dictionary/sense/en_us_NOAD3e_2012/m_en_us1228080.002,/dictionary/sense/en_us_NOAD3e_2012/m_en_us1228080.001
[0],art,0.9099999999999999,/dictionary/sense/en_us_NOAD3e_2012/m_en_us1223070.001,/dictionary/sense/en_us_NOAD3e_2012/m_en_us1223070.004
[0],direct,0.7654,/dictionary/sense/en_us_NOAD3e_2012/m_en_us1240564.002,/dictionary/sense/en_us_NOAD3e_2012/m_en_us1240564.013
[0],once,0.5399,/dictionary/sense/en_us_NOAD3e_2012/m_en_us1273373.001,/dictionary/sense/en_us_NOAD3e_2012/m_en_us1273373.003
[0],record,0.7436999999999999,/dictionary/sense/en_us_NOAD3e_2012/m_en_us1283496.001,/dictionary/sense/en_us_NOAD3e_2012/m_en_us1283496.009
[0],can,0.9002000000000001,/dictionary/sense/en_us_NOAD3e_2012/m_en_us1230339.001,/dictionary/sense/en_us_NOAD3e_2012/m_en_us1236433.001
[0],stage,0.5786,/dictionary/sense/en_us_NOAD3e_2012/m_en_us1293716.001,/dictionary/sense/en_us_NOAD3e_2012/m_en_us1293716.005
[0],failure,0.6123999999999998,/dictionary/sense/en_us_NOAD3e_2012/m_en_us1246019.001,/dictionary/sense/en_us_NOAD3e_2012/m_en_us1246019.005
[0],here,0.549,/dictionary/sense/en_us_NOAD3e_2012/m_en_us1254554.001,/dictionary/sense/en_us_NOAD3e_2012/m_en_us1254554.008
[0],hand,0.7752,/dictionary/sense/en_us_NOAD3e_2012/m_en_us1253370.001,/dictionary/sense/en_us_NOAD3e_2012/m_en_us1253370.023
[0],rule,0.8184999999999999,/dictionary/sense/en_us_NOAD3e_2012/m_en_us1286231.001,/dictionary/sense/en_us_NOAD3e_2012/m_en_us1286231.010
[0],protest,0.7372000000000001,/dictionary/sense/en_us_NOAD3e_2012/m_en_us1281311.004,/dictionary/sense/en_us_NOAD3e_2012/m_en_us1281311.001
[0],fit,0.7275,/dictionary/sense/en_us_NOAD3e_2012/m_en_us1247403.015,/dictionary/sense/en_us_NOAD3e_2012/m_en_us1247403.012
[0],production,0.5694,/dictionary/sense/en_us_NOAD3e_2012/m_en_us1280958.001,/dictionary/sense/en_us_NOAD3e_2012/m_en_us1280958.006
[0],remove,0.5512,/dictionary/sense/en_us_NOAD3e_2012/m_en_us1284193.018,/dictionary/sense/en_us_NOAD3e_2012/m_en_us1284193.014
[0],control,0.5719,/dictionary/sense/en_us_NOAD3e_2012/m_en_us1235733.001,/dictionary/sense/en_us_NOAD3e_2012/m_en_us1235733.013
[0],approach,0.8098000000000001,/dictionary/sense/en_us_NOAD3e_2012/m_en_us1222560.009,/dictionary/sense/en_us_NOAD3e_2012/m_en_us1222560.001
[0],material,0.5372000000000001,/dictionary/sense/en_us_NOAD3e_2012/m_en_us1266478.001,/dictionary/sense/en_us_NOAD3e_2012/m_en_us1266478.004
[0],rate,0.5367999999999999,/dictionary/sense/en_us_NOAD3e_2012/m_en_us1283088.003,/dictionary/sense/en_us_NOAD3e_2012/m_en_us1283088.001
[0],point,0.6759999999999999,/dictionary/sense/en_us_NOAD3e_2012/m_en_us1279055.011,/dictionary/sense/en_us_NOAD3e_2012/m_en_us1279055.057
[0],drop,0.7887000000000001,/dictionary/sense/en_us_NOAD3e_2012/m_en_us1242150.001,/dictionary/sense/en_us_NOAD3e_2012/m_en_us1242150.024
[0],ride,0.5984,/dictionary/sense/en_us_NOAD3e_2012/m_en_us1285067.001,/dictionary/sense/en_us_NOAD3e_2012/m_en_us1285067.020
[0],stay,0.5432,/dictionary/sense/en_us_NOAD3e_2012/m_en_us1294061.005,/dictionary/sense/en_us_NOAD3e_2012/m_en_us1294061.001
[0],faith,0.6102000000000001,/dictionary/sense/en_us_NOAD3e_2012/m_en_us1246069.002,/dictionary/sense/en_us_NOAD3e_2012/m_en_us1246069.001
[0],release,0.6298000000000001,/dictionary/sense/en_us_NOAD3e_2012/m_en_us1284085.005,/dictionary/sense/en_us_NOAD3e_2012/m_en_us1284085.003
[0],recognize,0.5638,/dictionary/sense/en_us_NOAD3e_2012/m_en_us1283463.004,/dictionary/sense/en_us_NOAD3e_2012/m_en_us1283463.001
[0],claim,0.6060000000000001,/dictionary/sense/en_us_NOAD3e_2012/m_en_us1233473.007,/dictionary/sense/en_us_NOAD3e_2012/m_en_us1233473.008
[0],check,0.7045,/dictionary/sense/en_us_NOAD3e_2012/m_en_us1232322.001,/dictionary/sense/en_us_NOAD3e_2012/m_en_us1232323.001
[0],show,0.5323,/dictionary/sense/en_us_NOAD3e_2012/m_en_us1290298.015,/dictionary/sense/en_us_NOAD3e_2012/m_en_us1290298.001
[0],when,0.5255,/dictionary/sense/en_us_NOAD3e_2012/m_en_us1305963.004,/dictionary/sense/en_us_NOAD3e_2012/m_en_us1305963.005
[0],like,0.5401,/dictionary/sense/en_us_NOAD3e_2012/m_en_us1263474.002,/dictionary/sense/en_us_NOAD3e_2012/m_en_us1263474.001
[0],so,0.5408000000000001,/dictionary/sense/en_us_NOAD3e_2012/m_en_us1291940.001,/dictionary/sense/en_us_NOAD3e_2012/m_en_us1291940.012
[0],old,0.5307000000000001,/dictionary/sense/en_us_NOAD3e_2012/m_en_us1273160.001,/dictionary/sense/en_us_NOAD3e_2012/m_en_us1273160.005
[0],site,0.5681,/dictionary/sense/en_us_NOAD3e_2012/m_en_us1291008.001,/dictionary/sense/en_us_NOAD3e_2012/m_en_us1291008.004
[0],figure,0.5317999999999999,/dictionary/sense/en_us_NOAD3e_2012/m_en_us1246988.010,/dictionary/sense/en_us_NOAD3e_2012/m_en_us1246988.006
[0],living,0.6268,/dictionary/sense/en_us_NOAD3e_2012/m_en_us1263900.008,/dictionary/sense/en_us_NOAD3e_2012/m_en_us1263900.001
[0],still,0.5607000000000001,/dictionary/sense/en_us_NOAD3e_2012/m_en_us1294414.007,/dictionary/sense/en_us_NOAD3e_2012/m_en_us1294414.009
[0],center,0.5393000000000001,/dictionary/sense/en_us_NOAD3e_2012/m_en_us1231656.010,/dictionary/sense/en_us_NOAD3e_2012/m_en_us1231656.001
[0],back,0.5256000000000001,/dictionary/sense/en_us_NOAD3e_2012/m_en_us1224262.020,/dictionary/sense/en_us_NOAD3e_2012/m_en_us1224262.018
[0],sleep,0.5874,/dictionary/sense/en_us_NOAD3e_2012/m_en_us1291344.004,/dictionary/sense/en_us_NOAD3e_2012/m_en_us1291344.001
[0],admit,0.6675,/dictionary/sense/en_us_NOAD3e_2012/m_en_us1220009.001,/dictionary/sense/en_us_NOAD3e_2012/m_en_us1220009.004
[0],last,0.5213,/dictionary/sense/en_us_NOAD3e_2012/m_en_us1262310.005,/dictionary/sense/en_us_NOAD3e_2012/m_en_us1262310.001
[0],indeed,0.5695,/dictionary/sense/en_us_NOAD3e_2012/m_en_us1257641.003,/dictionary/sense/en_us_NOAD3e_2012/m_en_us1257641.001
[0],late,0.8295999999999999,/dictionary/sense/en_us_NOAD3e_2012/m_en_us1262336.011,/dictionary/sense/en_us_NOAD3e_2012/m_en_us1262336.002
[0],honor,0.6757000000000001,/dictionary/sense/en_us_NOAD3e_2012/m_en_us1255616.004,/dictionary/sense/en_us_NOAD3e_2012/m_en_us1255616.015
[0],poor,0.5841,/dictionary/sense/en_us_NOAD3e_2012/m_en_us1279501.003,/dictionary/sense/en_us_NOAD3e_2012/m_en_us1279501.001
[0],produce,0.5572,/dictionary/sense/en_us_NOAD3e_2012/m_en_us1280954.001,/dictionary/sense/en_us_NOAD3e_2012/m_en_us1280954.005
[0],pressure,0.5475999999999999,/dictionary/sense/en_us_NOAD3e_2012/m_en_us1280534.001,/dictionary/sense/en_us_NOAD3e_2012/m_en_us1280534.003
[0],pick,0.5944,/dictionary/sense/en_us_NOAD3e_2012/m_en_us1277916.001,/dictionary/sense/en_us_NOAD3e_2012/m_en_us1277916.004
[0],business,0.5545000000000001,/dictionary/sense/en_us_NOAD3e_2012/m_en_us1229649.005,/dictionary/sense/en_us_NOAD3e_2012/m_en_us1229649.001
[0],bar,0.8247,/dictionary/sense/en_us_NOAD3e_2012/m_en_us1224811.008,/dictionary/sense/en_us_NOAD3e_2012/m_en_us1224811.034
[0],name,0.7733,/dictionary/sense/en_us_NOAD3e_2012/m_en_us1270390.001,/dictionary/sense/en_us_NOAD3e_2012/m_en_us1270390.005
[0],thus,0.5610000000000002,/dictionary/sense/en_us_NOAD3e_2012/m_en_us1298662.001,/dictionary/sense/en_us_NOAD3e_2012/m_en_us1298662.002
[0],plan,0.6142999999999998,/dictionary/sense/en_us_NOAD3e_2012/m_en_us1278551.001,/dictionary/sense/en_us_NOAD3e_2012/m_en_us1278551.008
[0],have,0.5164000000000001,/dictionary/sense/en_us_NOAD3e_2012/m_en_us1253820.001,/dictionary/sense/en_us_NOAD3e_2012/m_en_us1253820.034
[0],office,0.5921000000000001,/dictionary/sense/en_us_NOAD3e_2012/m_en_us1272983.001,/dictionary/sense/en_us_NOAD3e_2012/m_en_us1272983.005
[0],bad,0.8575000000000002,/dictionary/sense/en_us_NOAD3e_2012/m_en_us1224396.003,/dictionary/sense/en_us_NOAD3e_2012/m_en_us1307169.002
[0],why,0.6005999999999999,/dictionary/sense/en_us_NOAD3e_2012/m_en_us1306302.001,/dictionary/sense/en_us_NOAD3e_2012/m_en_us1306302.003
[0],end,0.5269999999999999,/dictionary/sense/en_us_NOAD3e_2012/m_en_us1244023.001,/dictionary/sense/en_us_NOAD3e_2012/m_en_us1244023.006
[0],tone,0.7062,/dictionary/sense/en_us_NOAD3e_2012/m_en_us1299292.001,/dictionary/sense/en_us_NOAD3e_2012/m_en_us1299292.008
[0],leave,0.5313000000000001,/dictionary/sense/en_us_NOAD3e_2012/m_en_us1262701.001,/dictionary/sense/en_us_NOAD3e_2012/m_en_us1262701.004
[0],style,0.5841999999999999,/dictionary/sense/en_us_NOAD3e_2012/m_en_us1295166.001,/dictionary/sense/en_us_NOAD3e_2012/m_en_us1295166.006
[0],start,0.5403,/dictionary/sense/en_us_NOAD3e_2012/m_en_us1293930.001,/dictionary/sense/en_us_NOAD3e_2012/m_en_us1293930.009
[0],front,0.5635,/dictionary/sense/en_us_NOAD3e_2012/m_en_us1249223.001,/dictionary/sense/en_us_NOAD3e_2012/m_en_us1249223.019
[0],fire,0.7508,/dictionary/sense/en_us_NOAD3e_2012/m_en_us1247191.001,/dictionary/sense/en_us_NOAD3e_2012/m_en_us1247191.010
[0],force,0.9007,/dictionary/sense/en_us_NOAD3e_2012/m_en_us1248351.009,/dictionary/sense/en_us_NOAD3e_2012/m_en_us1248351.015
[0],lose,0.5739,/dictionary/sense/en_us_NOAD3e_2012/m_en_us1264407.001,/dictionary/sense/en_us_NOAD3e_2012/m_en_us1264407.016
[0],settle,0.6977,/dictionary/sense/en_us_NOAD3e_2012/m_en_us1289399.001,/dictionary/sense/en_us_NOAD3e_2012/m_en_us1289399.015
[0],respect,0.5974999999999999,/dictionary/sense/en_us_NOAD3e_2012/m_en_us1284514.005,/dictionary/sense/en_us_NOAD3e_2012/m_en_us1284514.001
[0],transfer,0.7525,/dictionary/sense/en_us_NOAD3e_2012/m_en_us1299918.010,/dictionary/sense/en_us_NOAD3e_2012/m_en_us1299918.001
[0],net,0.6174,/dictionary/sense/en_us_NOAD3e_2012/m_en_us1271062.010,/dictionary/sense/en_us_NOAD3e_2012/m_en_us1271063.001
[0],stand,0.6677,/dictionary/sense/en_us_NOAD3e_2012/m_en_us1293803.001,/dictionary/sense/en_us_NOAD3e_2012/m_en_us1293803.013
[0],hall,0.5805,/dictionary/sense/en_us_NOAD3e_2012/m_en_us1253236.001,/dictionary/sense/en_us_NOAD3e_2012/m_en_us1253236.003
[0],guide,0.6611,/dictionary/sense/en_us_NOAD3e_2012/m_en_us1252703.003,/dictionary/sense/en_us_NOAD3e_2012/m_en_us1252703.010
[0],paint,0.6847999999999999,/dictionary/sense/en_us_NOAD3e_2012/m_en_us1275005.013,/dictionary/sense/en_us_NOAD3e_2012/m_en_us1275005.007
[0],night,0.536,/dictionary/sense/en_us_NOAD3e_2012/m_en_us1271449.001,/dictionary/sense/en_us_NOAD3e_2012/m_en_us1271449.005
[0],authority,0.7567,/dictionary/sense/en_us_NOAD3e_2012/m_en_us1223888.001,/dictionary/sense/en_us_NOAD3e_2012/m_en_us1223888.004
[0],thing,0.5331999999999999,/dictionary/sense/en_us_NOAD3e_2012/m_en_us1298362.011,/dictionary/sense/en_us_NOAD3e_2012/m_en_us1298362.001
[0],generally,0.5844,/dictionary/sense/en_us_NOAD3e_2012/m_en_us1250428.001,/dictionary/sense/en_us_NOAD3e_2012/m_en_us1250428.003
[0],own,0.7311,/dictionary/sense/en_us_NOAD3e_2012/m_en_us1274748.001,/dictionary/sense/en_us_NOAD3e_2012/m_en_us1274748.004
[0],paper,0.5467,/dictionary/sense/en_us_NOAD3e_2012/m_en_us1275395.001,/dictionary/sense/en_us_NOAD3e_2012/m_en_us1275395.012
[0],address,0.5835,/dictionary/sense/en_us_NOAD3e_2012/m_en_us1219905.001,/dictionary/sense/en_us_NOAD3e_2012/m_en_us1219905.012
[0],range,0.9503999999999999,/dictionary/sense/en_us_NOAD3e_2012/m_en_us1282974.001,/dictionary/sense/en_us_NOAD3e_2012/m_en_us1282974.026
[0],subject,0.8835000000000001,/dictionary/sense/en_us_NOAD3e_2012/m_en_us1295267.001,/dictionary/sense/en_us_NOAD3e_2012/m_en_us1295267.016
[0],cool,0.6755,/dictionary/sense/en_us_NOAD3e_2012/m_en_us1235852.001,/dictionary/sense/en_us_NOAD3e_2012/m_en_us1235852.008
[0],world,0.5271000000000001,/dictionary/sense/en_us_NOAD3e_2012/m_en_us1307108.001,/dictionary/sense/en_us_NOAD3e_2012/m_en_us1307108.006
[0],speech,0.6658,/dictionary/sense/en_us_NOAD3e_2012/m_en_us1292969.004,/dictionary/sense/en_us_NOAD3e_2012/m_en_us1292969.001
[0],hit,0.5727,/dictionary/sense/en_us_NOAD3e_2012/m_en_us1255154.001,/dictionary/sense/en_us_NOAD3e_2012/m_en_us1255154.021
[0],regular,0.6671999999999999,/dictionary/sense/en_us_NOAD3e_2012/m_en_us1283968.013,/dictionary/sense/en_us_NOAD3e_2012/m_en_us1283968.001
[0],fall,0.5555,/dictionary/sense/en_us_NOAD3e_2012/m_en_us1246101.001,/dictionary/sense/en_us_NOAD3e_2012/m_en_us1246101.020
[0],block,0.8177,/dictionary/sense/en_us_NOAD3e_2012/m_en_us1227187.001,/dictionary/sense/en_us_NOAD3e_2012/m_en_us1227187.026
[0],change,0.6687999999999998,/dictionary/sense/en_us_NOAD3e_2012/m_en_us1232051.017,/dictionary/sense/en_us_NOAD3e_2012/m_en_us1232051.001
[0],right,0.6400000000000001,/dictionary/sense/en_us_NOAD3e_2012/m_en_us1285123.002,/dictionary/sense/en_us_NOAD3e_2012/m_en_us1285123.022
[0],actually,0.5549999999999999,/dictionary/sense/en_us_NOAD3e_2012/m_en_us1219820.001,/dictionary/sense/en_us_NOAD3e_2012/m_en_us1219820.002
[0],physical,0.5887999999999999,/dictionary/sense/en_us_NOAD3e_2012/m_en_us1277818.004,/dictionary/sense/en_us_NOAD3e_2012/m_en_us1277818.001
[0],appear,0.5319,/dictionary/sense/en_us_NOAD3e_2012/m_en_us1222474.001,/dictionary/sense/en_us_NOAD3e_2012/m_en_us1222474.008
[0],real,0.5580999999999999,/dictionary/sense/en_us_NOAD3e_2012/m_en_us1283275.004,/dictionary/sense/en_us_NOAD3e_2012/m_en_us1283275.001
[0],people,0.6552,/dictionary/sense/en_us_NOAD3e_2012/m_en_us1276782.001,/dictionary/sense/en_us_NOAD3e_2012/m_en_us1276782.007
[0],hard,0.5552,/dictionary/sense/en_us_NOAD3e_2012/m_en_us1253534.009,/dictionary/sense/en_us_NOAD3e_2012/m_en_us1253534.024
[0],man,0.5364000000000001,/dictionary/sense/en_us_NOAD3e_2012/m_en_us1265688.001,/dictionary/sense/en_us_NOAD3e_2012/m_en_us1265688.010
[0],yet,0.6338,/dictionary/sense/en_us_NOAD3e_2012/m_en_us1307680.001,/dictionary/sense/en_us_NOAD3e_2012/m_en_us1307680.007
[0],position,0.551,/dictionary/sense/en_us_NOAD3e_2012/m_en_us1279710.009,/dictionary/sense/en_us_NOAD3e_2012/m_en_us1279710.015
[0],quite,0.5758000000000001,/dictionary/sense/en_us_NOAD3e_2012/m_en_us1282538.001,/dictionary/sense/en_us_NOAD3e_2012/m_en_us1282538.003
[0],other,0.5252,/dictionary/sense/en_us_NOAD3e_2012/m_en_us1274198.001,/dictionary/sense/en_us_NOAD3e_2012/m_en_us1274198.004
[0],around,0.6003,/dictionary/sense/en_us_NOAD3e_2012/m_en_us1223011.011,/dictionary/sense/en_us_NOAD3e_2012/m_en_us1223011.016
[0],market,1.0,/dictionary/sense/en_us_NOAD3e_2012/m_en_us1266136.003,/dictionary/sense/en_us_NOAD3e_2012/m_en_us1266136.008
[0],lot,0.6477999999999999,/dictionary/sense/en_us_NOAD3e_2012/m_en_us1264426.003,/dictionary/sense/en_us_NOAD3e_2012/m_en_us1264426.001
[0],party,0.5617,/dictionary/sense/en_us_NOAD3e_2012/m_en_us1275850.002,/dictionary/sense/en_us_NOAD3e_2012/m_en_us1275850.001
[0],trial,0.6459999999999999,/dictionary/sense/en_us_NOAD3e_2012/m_en_us1300233.001,/dictionary/sense/en_us_NOAD3e_2012/m_en_us1300233.002
[0],include,0.5258,/dictionary/sense/en_us_NOAD3e_2012/m_en_us1257529.001,/dictionary/sense/en_us_NOAD3e_2012/m_en_us1257529.002
[0],section,0.8593999999999999,/dictionary/sense/en_us_NOAD3e_2012/m_en_us1288470.001,/dictionary/sense/en_us_NOAD3e_2012/m_en_us1288470.011
[0],phase,0.6493,/dictionary/sense/en_us_NOAD3e_2012/m_en_us1277436.001,/dictionary/sense/en_us_NOAD3e_2012/m_en_us1277436.007
[0],add,0.5492,/dictionary/sense/en_us_NOAD3e_2012/m_en_us1219879.001,/dictionary/sense/en_us_NOAD3e_2012/m_en_us1219879.009
[0],manage,0.6566,/dictionary/sense/en_us_NOAD3e_2012/m_en_us1265693.007,/dictionary/sense/en_us_NOAD3e_2012/m_en_us1265693.001
[0],environment,0.5681,/dictionary/sense/en_us_NOAD3e_2012/m_en_us1244401.001,/dictionary/sense/en_us_NOAD3e_2012/m_en_us1244401.004
[0],support,0.6248000000000001,/dictionary/sense/en_us_NOAD3e_2012/m_en_us1295942.005,/dictionary/sense/en_us_NOAD3e_2012/m_en_us1295942.016
[0],open,0.5359999999999999,/dictionary/sense/en_us_NOAD3e_2012/m_en_us1273535.045,/dictionary/sense/en_us_NOAD3e_2012/m_en_us1273535.068
[0],practice,0.7563000000000001,/dictionary/sense/en_us_NOAD3e_2012/m_en_us1280076.001,/dictionary/sense/en_us_NOAD3e_2012/m_en_us1280076.009
[0],report,0.7776,/dictionary/sense/en_us_NOAD3e_2012/m_en_us1284331.001,/dictionary/sense/en_us_NOAD3e_2012/m_en_us1284331.008
[0],matter,0.5511999999999999,/dictionary/sense/en_us_NOAD3e_2012/m_en_us1266535.005,/dictionary/sense/en_us_NOAD3e_2012/m_en_us1266535.014
[0],concern,0.8771999999999999,/dictionary/sense/en_us_NOAD3e_2012/m_en_us1235108.001,/dictionary/sense/en_us_NOAD3e_2012/m_en_us1235108.007
[0],individual,0.6182,/dictionary/sense/en_us_NOAD3e_2012/m_en_us1257786.001,/dictionary/sense/en_us_NOAD3e_2012/m_en_us1257786.002
[0],let,0.5593999999999999,/dictionary/sense/en_us_NOAD3e_2012/m_en_us1263073.001,/dictionary/sense/en_us_NOAD3e_2012/m_en_us1263073.003
[0],table,0.5455,/dictionary/sense/en_us_NOAD3e_2012/m_en_us1296660.001,/dictionary/sense/en_us_NOAD3e_2012/m_en_us1296660.006
[0],double,0.8542,/dictionary/sense/en_us_NOAD3e_2012/m_en_us1241648.001,/dictionary/sense/en_us_NOAD3e_2012/m_en_us1241648.025
[0],file,0.7838999999999998,/dictionary/sense/en_us_NOAD3e_2012/m_en_us1247009.004,/dictionary/sense/en_us_NOAD3e_2012/m_en_us1247009.001
[0],memory,0.674,/dictionary/sense/en_us_NOAD3e_2012/m_en_us1267090.005,/dictionary/sense/en_us_NOAD3e_2012/m_en_us1267090.001
[0],officer,0.5626,/dictionary/sense/en_us_NOAD3e_2012/m_en_us1272989.001,/dictionary/sense/en_us_NOAD3e_2012/m_en_us1272989.004
[0],lie,0.6283,/dictionary/sense/en_us_NOAD3e_2012/m_en_us1263316.001,/dictionary/sense/en_us_NOAD3e_2012/m_en_us1263316.004
[0],work,0.6590999999999999,/dictionary/sense/en_us_NOAD3e_2012/m_en_us1307050.020,/dictionary/sense/en_us_NOAD3e_2012/m_en_us1307050.009
[0],way,0.5215,/dictionary/sense/en_us_NOAD3e_2012/m_en_us1305429.001,/dictionary/sense/en_us_NOAD3e_2012/m_en_us1305429.005
[0],fly,0.5904,/dictionary/sense/en_us_NOAD3e_2012/m_en_us1248010.001,/dictionary/sense/en_us_NOAD3e_2012/m_en_us1248010.007
[0],water,0.5797,/dictionary/sense/en_us_NOAD3e_2012/m_en_us1305238.001,/dictionary/sense/en_us_NOAD3e_2012/m_en_us1305238.008
[0],total,0.8331,/dictionary/sense/en_us_NOAD3e_2012/m_en_us1299553.001,/dictionary/sense/en_us_NOAD3e_2012/m_en_us1299553.004
[0],condition,0.5721999999999999,/dictionary/sense/en_us_NOAD3e_2012/m_en_us1235196.006,/dictionary/sense/en_us_NOAD3e_2012/m_en_us1235196.009
[0],put,0.5331,/dictionary/sense/en_us_NOAD3e_2012/m_en_us1281994.001,/dictionary/sense/en_us_NOAD3e_2012/m_en_us1281994.006
[0],say,0.8398999999999999,/dictionary/sense/en_us_NOAD3e_2012/m_en_us1287486.001,/dictionary/sense/en_us_NOAD3e_2012/m_en_us1287486.008
[0],however,0.6407999999999999,/dictionary/sense/en_us_NOAD3e_2012/m_en_us1256065.001,/dictionary/sense/en_us_NOAD3e_2012/m_en_us1256065.002
[0],form,0.6519,/dictionary/sense/en_us_NOAD3e_2012/m_en_us1248515.024,/dictionary/sense/en_us_NOAD3e_2012/m_en_us1248515.001
[0],define,0.633,/dictionary/sense/en_us_NOAD3e_2012/m_en_us1239033.001,/dictionary/sense/en_us_NOAD3e_2012/m_en_us1239033.004
[0],give,0.5347999999999999,/dictionary/sense/en_us_NOAD3e_2012/m_en_us1250951.015,/dictionary/sense/en_us_NOAD3e_2012/m_en_us1250951.001
[0],job,0.5424,/dictionary/sense/en_us_NOAD3e_2012/m_en_us1259910.001,/dictionary/sense/en_us_NOAD3e_2012/m_en_us1259910.002
[0],repeat,0.6123000000000001,/dictionary/sense/en_us_NOAD3e_2012/m_en_us1284285.001,/dictionary/sense/en_us_NOAD3e_2012/m_en_us1284285.005
[0],review,0.8119000000000002,/dictionary/sense/en_us_NOAD3e_2012/m_en_us1284795.001,/dictionary/sense/en_us_NOAD3e_2012/m_en_us1284795.008
[0],shop,0.9460000000000001,/dictionary/sense/en_us_NOAD3e_2012/m_en_us1290155.001,/dictionary/sense/en_us_NOAD3e_2012/m_en_us1290168.001
[0],sentence,0.632,/dictionary/sense/en_us_NOAD3e_2012/m_en_us1289107.001,/dictionary/sense/en_us_NOAD3e_2012/m_en_us1289107.003
[0],second,0.6601,/dictionary/sense/en_us_NOAD3e_2012/m_en_us1288373.001,/dictionary/sense/en_us_NOAD3e_2012/m_en_us1288374.001
[0],catch,0.6546,/dictionary/sense/en_us_NOAD3e_2012/m_en_us1231288.009,/dictionary/sense/en_us_NOAD3e_2012/m_en_us1231288.001
[0],good,0.5262,/dictionary/sense/en_us_NOAD3e_2012/m_en_us1251501.001,/dictionary/sense/en_us_NOAD3e_2012/m_en_us1251501.004
[0],same,0.5447000000000001,/dictionary/sense/en_us_NOAD3e_2012/m_en_us1286917.001,/dictionary/sense/en_us_NOAD3e_2012/m_en_us1286917.003
[0],just,0.5262,/dictionary/sense/en_us_NOAD3e_2012/m_en_us1260351.008,/dictionary/sense/en_us_NOAD3e_2012/m_en_us1260351.004
[0],hold,0.5512,/dictionary/sense/en_us_NOAD3e_2012/m_en_us1255308.001,/dictionary/sense/en_us_NOAD3e_2012/m_en_us1255308.023
[0],close,0.8538,/dictionary/sense/en_us_NOAD3e_2012/m_en_us1233814.001,/dictionary/sense/en_us_NOAD3e_2012/m_en_us1233815.001
[0],too,0.5213000000000001,/dictionary/sense/en_us_NOAD3e_2012/m_en_us1299350.001,/dictionary/sense/en_us_NOAD3e_2012/m_en_us1299350.003
[0],benefit,0.6512,/dictionary/sense/en_us_NOAD3e_2012/m_en_us1225926.001,/dictionary/sense/en_us_NOAD3e_2012/m_en_us1225926.002
[0],system,0.5272,/dictionary/sense/en_us_NOAD3e_2012/m_en_us1296611.001,/dictionary/sense/en_us_NOAD3e_2012/m_en_us1296611.009
[0],represent,0.5756,/dictionary/sense/en_us_NOAD3e_2012/m_en_us1284352.008,/dictionary/sense/en_us_NOAD3e_2012/m_en_us1284352.005
[0],well,0.5251999999999999,/dictionary/sense/en_us_NOAD3e_2012/m_en_us1305640.001,/dictionary/sense/en_us_NOAD3e_2012/m_en_us1305640.010
[0],fish,0.9469000000000001,/dictionary/sense/en_us_NOAD3e_2012/m_en_us1247347.001,/dictionary/sense/en_us_NOAD3e_2012/m_en_us1247347.007
[0],dress,0.6768000000000001,/dictionary/sense/en_us_NOAD3e_2012/m_en_us1242048.001,/dictionary/sense/en_us_NOAD3e_2012/m_en_us1242048.018
[0],south,0.5835000000000001,/dictionary/sense/en_us_NOAD3e_2012/m_en_us1292573.003,/dictionary/sense/en_us_NOAD3e_2012/m_en_us1292573.014
[0],more,0.5216000000000001,/dictionary/sense/en_us_NOAD3e_2012/m_en_us1269205.004,/dictionary/sense/en_us_NOAD3e_2012/m_en_us1269205.005
[0],early,0.5505,/dictionary/sense/en_us_NOAD3e_2012/m_en_us1242798.003,/dictionary/sense/en_us_NOAD3e_2012/m_en_us1242798.007
[0],need,0.5898,/dictionary/sense/en_us_NOAD3e_2012/m_en_us1270832.001,/dictionary/sense/en_us_NOAD3e_2012/m_en_us1270832.005
[0],stop,0.5934,/dictionary/sense/en_us_NOAD3e_2012/m_en_us1294654.001,/dictionary/sense/en_us_NOAD3e_2012/m_en_us1294654.007
[0],perform,0.5867000000000001,/dictionary/sense/en_us_NOAD3e_2012/m_en_us1276921.001,/dictionary/sense/en_us_NOAD3e_2012/m_en_us1276921.005
[0],grant,0.7464999999999999,/dictionary/sense/en_us_NOAD3e_2012/m_en_us1251908.001,/dictionary/sense/en_us_NOAD3e_2012/m_en_us1251908.004
[0],train,0.7394999999999999,/dictionary/sense/en_us_NOAD3e_2012/m_en_us1299837.011,/dictionary/sense/en_us_NOAD3e_2012/m_en_us1299837.001
[0],be,0.5187,/dictionary/sense/en_us_NOAD3e_2012/m_en_us1225404.008,/dictionary/sense/en_us_NOAD3e_2012/m_en_us1225404.001
[0],strong,0.5465,/dictionary/sense/en_us_NOAD3e_2012/m_en_us1295023.001,/dictionary/sense/en_us_NOAD3e_2012/m_en_us1295023.008
[0],mission,0.5992999999999999,/dictionary/sense/en_us_NOAD3e_2012/m_en_us1268424.001,/dictionary/sense/en_us_NOAD3e_2012/m_en_us1268424.004
[0],plant,0.6133,/dictionary/sense/en_us_NOAD3e_2012/m_en_us1278596.003,/dictionary/sense/en_us_NOAD3e_2012/m_en_us1278596.001
[0],new,0.5243,/dictionary/sense/en_us_NOAD3e_2012/m_en_us1271187.001,/dictionary/sense/en_us_NOAD3e_2012/m_en_us1271187.007
[0],column,0.7064,/dictionary/sense/en_us_NOAD3e_2012/m_en_us1234609.004,/dictionary/sense/en_us_NOAD3e_2012/m_en_us1234609.001
[0],do,0.5641,/dictionary/sense/en_us_NOAD3e_2012/m_en_us1241237.035,/dictionary/sense/en_us_NOAD3e_2012/m_en_us1241237.001
[0],service,0.5794,/dictionary/sense/en_us_NOAD3e_2012/m_en_us1289310.001,/dictionary/sense/en_us_NOAD3e_2012/m_en_us1289310.015
[0],interest,0.5852999999999999,/dictionary/sense/en_us_NOAD3e_2012/m_en_us1258561.001,/dictionary/sense/en_us_NOAD3e_2012/m_en_us1258561.006
[0],only,0.5949,/dictionary/sense/en_us_NOAD3e_2012/m_en_us1273443.001,/dictionary/sense/en_us_NOAD3e_2012/m_en_us1273443.005
[0],information,0.5616,/dictionary/sense/en_us_NOAD3e_2012/m_en_us1258019.001,/dictionary/sense/en_us_NOAD3e_2012/m_en_us1258019.003
[0],help,0.5416000000000001,/dictionary/sense/en_us_NOAD3e_2012/m_en_us1254325.001,/dictionary/sense/en_us_NOAD3e_2012/m_en_us1254325.010
[0],common,0.5573,/dictionary/sense/en_us_NOAD3e_2012/m_en_us1234788.001,/dictionary/sense/en_us_NOAD3e_2012/m_en_us1234788.008
[0],language,0.6321,/dictionary/sense/en_us_NOAD3e_2012/m_en_us1262152.003,/dictionary/sense/en_us_NOAD3e_2012/m_en_us1262152.005
[0],forward,0.6029000000000001,/dictionary/sense/en_us_NOAD3e_2012/m_en_us1248624.001,/dictionary/sense/en_us_NOAD3e_2012/m_en_us1248624.022
[0],power,0.5397,/dictionary/sense/en_us_NOAD3e_2012/m_en_us1280001.002,/dictionary/sense/en_us_NOAD3e_2012/m_en_us1280001.017
[0],couple,0.5546,/dictionary/sense/en_us_NOAD3e_2012/m_en_us1236569.001,/dictionary/sense/en_us_NOAD3e_2012/m_en_us1236569.003
[0],deny,0.6585,/dictionary/sense/en_us_NOAD3e_2012/m_en_us1239485.001,/dictionary/sense/en_us_NOAD3e_2012/m_en_us1239485.002
[0],state,0.6938000000000001,/dictionary/sense/en_us_NOAD3e_2012/m_en_us1293954.006,/dictionary/sense/en_us_NOAD3e_2012/m_en_us1293954.016
[0],performance,0.5741,/dictionary/sense/en_us_NOAD3e_2012/m_en_us1276922.001,/dictionary/sense/en_us_NOAD3e_2012/m_en_us1276922.004
[0],girl,0.5506,/dictionary/sense/en_us_NOAD3e_2012/m_en_us1250925.003,/dictionary/sense/en_us_NOAD3e_2012/m_en_us1250925.001
[0],miss,0.6194999999999999,/dictionary/sense/en_us_NOAD3e_2012/m_en_us1268412.001,/dictionary/sense/en_us_NOAD3e_2012/m_en_us1268412.013
[0],age,0.5574000000000001,/dictionary/sense/en_us_NOAD3e_2012/m_en_us1220381.001,/dictionary/sense/en_us_NOAD3e_2012/m_en_us1220381.004
[0],come,0.5247999999999999,/dictionary/sense/en_us_NOAD3e_2012/m_en_us1234657.001,/dictionary/sense/en_us_NOAD3e_2012/m_en_us1234657.009
[0],enjoy,0.5925999999999999,/dictionary/sense/en_us_NOAD3e_2012/m_en_us1244212.001,/dictionary/sense/en_us_NOAD3e_2012/m_en_us1244212.004
[0],dark,0.5958,/dictionary/sense/en_us_NOAD3e_2012/m_en_us1238353.005,/dictionary/sense/en_us_NOAD3e_2012/m_en_us1238353.001
[0],less,0.561,/dictionary/sense/en_us_NOAD3e_2012/m_en_us1263053.004,/dictionary/sense/en_us_NOAD3e_2012/m_en_us1263859.001
[0],allow,0.5335,/dictionary/sense/en_us_NOAD3e_2012/m_en_us1221081.001,/dictionary/sense/en_us_NOAD3e_2012/m_en_us1221081.006
[0],post,0.8299000000000001,/dictionary/sense/en_us_NOAD3e_2012/m_en_us1279744.004,/dictionary/sense/en_us_NOAD3e_2012/m_en_us1279744.011
[0],expression,0.6029,/dictionary/sense/en_us_NOAD3e_2012/m_en_us1245687.009,/dictionary/sense/en_us_NOAD3e_2012/m_en_us1245687.001
[0],quality,0.5585000000000001,/dictionary/sense/en_us_NOAD3e_2012/m_en_us1282278.001,/dictionary/sense/en_us_NOAD3e_2012/m_en_us1282278.005
[0],feel,0.5195,/dictionary/sense/en_us_NOAD3e_2012/m_en_us1246555.010,/dictionary/sense/en_us_NOAD3e_2012/m_en_us1246555.017
[0],private,0.6153,/dictionary/sense/en_us_NOAD3e_2012/m_en_us1280823.009,/dictionary/sense/en_us_NOAD3e_2012/m_en_us1280823.001
[0],walk,0.699,/dictionary/sense/en_us_NOAD3e_2012/m_en_us1304921.001,/dictionary/sense/en_us_NOAD3e_2012/m_en_us1304921.020
[0],significant,0.6411,/dictionary/sense/en_us_NOAD3e_2012/m_en_us1290641.001,/dictionary/sense/en_us_NOAD3e_2012/m_en_us1290641.004
[0],exercise,0.6550999999999998,/dictionary/sense/en_us_NOAD3e_2012/m_en_us1245490.001,/dictionary/sense/en_us_NOAD3e_2012/m_en_us1245490.007
[0],determine,0.546,/dictionary/sense/en_us_NOAD3e_2012/m_en_us1239831.003,/dictionary/sense/en_us_NOAD3e_2012/m_en_us1239831.001
[0],number,0.5241,/dictionary/sense/en_us_NOAD3e_2012/m_en_us1272399.003,/dictionary/sense/en_us_NOAD3e_2012/m_en_us1272399.001
[0],field,0.5712,/dictionary/sense/en_us_NOAD3e_2012/m_en_us1246904.010,/dictionary/sense/en_us_NOAD3e_2012/m_en_us1246904.001
[0],land,0.6305,/dictionary/sense/en_us_NOAD3e_2012/m_en_us1262067.001,/dictionary/sense/en_us_NOAD3e_2012/m_en_us1262067.014
[0],course,0.6925999999999999,/dictionary/sense/en_us_NOAD3e_2012/m_en_us1236587.001,/dictionary/sense/en_us_NOAD3e_2012/m_en_us1236587.008
[0],face,0.604,/dictionary/sense/en_us_NOAD3e_2012/m_en_us1245912.001,/dictionary/sense/en_us_NOAD3e_2012/m_en_us1245912.017
[0],glance,0.8017,/dictionary/sense/en_us_NOAD3e_2012/m_en_us1250995.001,/dictionary/sense/en_us_NOAD3e_2012/m_en_us1250995.006
[0],rather,0.5445,/dictionary/sense/en_us_NOAD3e_2012/m_en_us1283099.004,/dictionary/sense/en_us_NOAD3e_2012/m_en_us1283099.002
[0],act,0.6099,/dictionary/sense/en_us_NOAD3e_2012/m_en_us1219772.019,/dictionary/sense/en_us_NOAD3e_2012/m_en_us1219772.001
[0],heavy,0.6924,/dictionary/sense/en_us_NOAD3e_2012/m_en_us1254116.001,/dictionary/sense/en_us_NOAD3e_2012/m_en_us1254116.007
[0],list,0.8478,/dictionary/sense/en_us_NOAD3e_2012/m_en_us1263771.001,/dictionary/sense/en_us_NOAD3e_2012/m_en_us1263771.007
[0],make,0.5189,/dictionary/sense/en_us_NOAD3e_2012/m_en_us1265484.008,/dictionary/sense/en_us_NOAD3e_2012/m_en_us1265484.001
[0],floor,0.5565,/dictionary/sense/en_us_NOAD3e_2012/m_en_us1247829.001,/dictionary/sense/en_us_NOAD3e_2012/m_en_us1247829.002
[0],watch,0.8028000000000001,/dictionary/sense/en_us_NOAD3e_2012/m_en_us1305222.001,/dictionary/sense/en_us_NOAD3e_2012/m_en_us1305222.010
[0],see,0.5419,/dictionary/sense/en_us_NOAD3e_2012/m_en_us1428150.001,/dictionary/sense/en_us_NOAD3e_2012/m_en_us1428150.010
[0],keep,0.5253,/dictionary/sense/en_us_NOAD3e_2012/m_en_us1260682.006,/dictionary/sense/en_us_NOAD3e_2012/m_en_us1260682.001
[0],employ,0.5919999999999999,/dictionary/sense/en_us_NOAD3e_2012/m_en_us1243895.003,/dictionary/sense/en_us_NOAD3e_2012/m_en_us1243895.001
[0],life,0.5254000000000001,/dictionary/sense/en_us_NOAD3e_2012/m_en_us1263339.001,/dictionary/sense/en_us_NOAD3e_2012/m_en_us1263339.012
[0],order,1.0,/dictionary/sense/en_us_NOAD3e_2012/m_en_us1273820.008,/dictionary/sense/en_us_NOAD3e_2012/m_en_us1273820.032
[0],great,0.5468999999999999,/dictionary/sense/en_us_NOAD3e_2012/m_en_us1252093.001,/dictionary/sense/en_us_NOAD3e_2012/m_en_us1252093.007
[0],former,0.5951,/dictionary/sense/en_us_NOAD3e_2012/m_en_us1248537.001,/dictionary/sense/en_us_NOAD3e_2012/m_en_us1248537.003
[0],different,0.5347000000000001,/dictionary/sense/en_us_NOAD3e_2012/m_en_us1240277.001,/dictionary/sense/en_us_NOAD3e_2012/m_en_us1240277.003
[0],will,0.9953,/dictionary/sense/en_us_NOAD3e_2012/m_en_us1306429.001,/dictionary/sense/en_us_NOAD3e_2012/m_en_us1307187.002
[0],lead,0.5451,/dictionary/sense/en_us_NOAD3e_2012/m_en_us1262579.001,/dictionary/sense/en_us_NOAD3e_2012/m_en_us1262579.008
[0],deal,0.5843,/dictionary/sense/en_us_NOAD3e_2012/m_en_us1238634.007,/dictionary/sense/en_us_NOAD3e_2012/m_en_us1238634.013
[0],feed,0.5611,/dictionary/sense/en_us_NOAD3e_2012/m_en_us1246544.001,/dictionary/sense/en_us_NOAD3e_2012/m_en_us1246544.016
[0],care,0.5543000000000001,/dictionary/sense/en_us_NOAD3e_2012/m_en_us1230840.005,/dictionary/sense/en_us_NOAD3e_2012/m_en_us1230840.001
[0],jump,0.6693999999999999,/dictionary/sense/en_us_NOAD3e_2012/m_en_us1260248.009,/dictionary/sense/en_us_NOAD3e_2012/m_en_us1260248.001
[0],press,0.7045,/dictionary/sense/en_us_NOAD3e_2012/m_en_us1280512.025,/dictionary/sense/en_us_NOAD3e_2012/m_en_us1280512.001
[0],short,0.5566,/dictionary/sense/en_us_NOAD3e_2012/m_en_us1290194.007,/dictionary/sense/en_us_NOAD3e_2012/m_en_us1290194.001
[0],set,0.5388,/dictionary/sense/en_us_NOAD3e_2012/m_en_us1289371.001,/dictionary/sense/en_us_NOAD3e_2012/m_en_us1289370.016
[0],sound,0.6364,/dictionary/sense/en_us_NOAD3e_2012/m_en_us1292504.001,/dictionary/sense/en_us_NOAD3e_2012/m_en_us1292504.015
[0],mind,0.5817,/dictionary/sense/en_us_NOAD3e_2012/m_en_us1268098.001,/dictionary/sense/en_us_NOAD3e_2012/m_en_us1268098.009
[0],standard,0.8532,/dictionary/sense/en_us_NOAD3e_2012/m_en_us1293805.003,/dictionary/sense/en_us_NOAD3e_2012/m_en_us1293805.016
[0],advance,0.728,/dictionary/sense/en_us_NOAD3e_2012/m_en_us1220079.001,/dictionary/sense/en_us_NOAD3e_2012/m_en_us1220080.001
[0],year,0.5474,/dictionary/sense/en_us_NOAD3e_2012/m_en_us1307589.002,/dictionary/sense/en_us_NOAD3e_2012/m_en_us1307589.006
[0],time,0.5259,/dictionary/sense/en_us_NOAD3e_2012/m_en_us1298880.023,/dictionary/sense/en_us_NOAD3e_2012/m_en_us1298880.005
[0],stem,0.7581,/dictionary/sense/en_us_NOAD3e_2012/m_en_us1294191.008,/dictionary/sense/en_us_NOAD3e_2012/m_en_us1294191.012
[0],pull,0.5866,/dictionary/sense/en_us_NOAD3e_2012/m_en_us1281748.001,/dictionary/sense/en_us_NOAD3e_2012/m_en_us1281748.009
[0],meet,0.9360999999999999,/dictionary/sense/en_us_NOAD3e_2012/m_en_us1266934.001,/dictionary/sense/en_us_NOAD3e_2012/m_en_us1266936.001
[0],step,0.6428,/dictionary/sense/en_us_NOAD3e_2012/m_en_us1294221.013,/dictionary/sense/en_us_NOAD3e_2012/m_en_us1294221.018
[0],trade,0.6715,/dictionary/sense/en_us_NOAD3e_2012/m_en_us1299768.001,/dictionary/sense/en_us_NOAD3e_2012/m_en_us1299768.012
[0],energy,0.5951000000000001,/dictionary/sense/en_us_NOAD3e_2012/m_en_us1244127.005,/dictionary/sense/en_us_NOAD3e_2012/m_en_us1244127.006
[0],generation,0.6235,/dictionary/sense/en_us_NOAD3e_2012/m_en_us1250445.001,/dictionary/sense/en_us_NOAD3e_2012/m_en_us1250445.005
[0],agent,0.5779000000000001,/dictionary/sense/en_us_NOAD3e_2012/m_en_us1220395.005,/dictionary/sense/en_us_NOAD3e_2012/m_en_us1220395.001
[0],card,0.5778000000000001,/dictionary/sense/en_us_NOAD3e_2012/m_en_us1230786.004,/dictionary/sense/en_us_NOAD3e_2012/m_en_us1230786.001
[0],go,0.8519,/dictionary/sense/en_us_NOAD3e_2012/m_en_us1251252.001,/dictionary/sense/en_us_NOAD3e_2012/m_en_us1251252.023
[0],issue,0.7846,/dictionary/sense/en_us_NOAD3e_2012/m_en_us1259315.001,/dictionary/sense/en_us_NOAD3e_2012/m_en_us1259315.009
[0],long,0.5477000000000001,/dictionary/sense/en_us_NOAD3e_2012/m_en_us1264221.025,/dictionary/sense/en_us_NOAD3e_2012/m_en_us1264221.001
[0],accept,0.5365,/dictionary/sense/en_us_NOAD3e_2012/m_en_us1219519.001,/dictionary/sense/en_us_NOAD3e_2012/m_en_us1219519.009
[0],house,1.0,/dictionary/sense/en_us_NOAD3e_2012/m_en_us1255965.001,/dictionary/sense/en_us_NOAD3e_2012/m_en_us1256034.001
[0],drive,0.5588,/dictionary/sense/en_us_NOAD3e_2012/m_en_us1242109.001,/dictionary/sense/en_us_NOAD3e_2012/m_en_us1242109.017
[0],stain,0.79,/dictionary/sense/en_us_NOAD3e_2012/m_en_us1293748.008,/dictionary/sense/en_us_NOAD3e_2012/m_en_us1293748.004
[0],soil,0.5795,/dictionary/sense/en_us_NOAD3e_2012/m_en_us1292154.001,/dictionary/sense/en_us_NOAD3e_2012/m_en_us1292155.004
[0],not,0.5227,/dictionary/sense/en_us_NOAD3e_2012/m_en_us1272156.001,/dictionary/sense/en_us_NOAD3e_2012/m_en_us1272156.004
[0],building,0.6181000000000001,/dictionary/sense/en_us_NOAD3e_2012/m_en_us1229308.001,/dictionary/sense/en_us_NOAD3e_2012/m_en_us1229308.002
[0],find,0.5235000000000001,/dictionary/sense/en_us_NOAD3e_2012/m_en_us1247107.001,/dictionary/sense/en_us_NOAD3e_2012/m_en_us1247107.008
[0],activity,0.7664,/dictionary/sense/en_us_NOAD3e_2012/m_en_us1219809.003,/dictionary/sense/en_us_NOAD3e_2012/m_en_us1219809.006
[0],now,0.5851999999999999,/dictionary/sense/en_us_NOAD3e_2012/m_en_us1272258.001,/dictionary/sense/en_us_NOAD3e_2012/m_en_us1272258.007
[0],wide,0.5672,/dictionary/sense/en_us_NOAD3e_2012/m_en_us1306319.001,/dictionary/sense/en_us_NOAD3e_2012/m_en_us1306319.005
[0],may,0.5557000000000001,/dictionary/sense/en_us_NOAD3e_2012/m_en_us1266614.001,/dictionary/sense/en_us_NOAD3e_2012/m_en_us1266614.003
[0],low,0.6184999999999999,/dictionary/sense/en_us_NOAD3e_2012/m_en_us1264526.010,/dictionary/sense/en_us_NOAD3e_2012/m_en_us1264526.001
[0],challenge,0.7105,/dictionary/sense/en_us_NOAD3e_2012/m_en_us1231967.001,/dictionary/sense/en_us_NOAD3e_2012/m_en_us1231967.013
[0],grow,0.545,/dictionary/sense/en_us_NOAD3e_2012/m_en_us1252535.001,/dictionary/sense/en_us_NOAD3e_2012/m_en_us1252535.006
[0],else,0.5809,/dictionary/sense/en_us_NOAD3e_2012/m_en_us1243711.002,/dictionary/sense/en_us_NOAD3e_2012/m_en_us1243711.001
[0],away,0.5564,/dictionary/sense/en_us_NOAD3e_2012/m_en_us1224068.001,/dictionary/sense/en_us_NOAD3e_2012/m_en_us1224068.006
[0],spirit,0.573,/dictionary/sense/en_us_NOAD3e_2012/m_en_us1293210.007,/dictionary/sense/en_us_NOAD3e_2012/m_en_us1293210.001
[0],wood,1.0,/dictionary/sense/en_us_NOAD3e_2012/m_en_us1306904.001,/dictionary/sense/en_us_NOAD3e_2012/m_en_us1306904.005
[0],cut,0.5835,/dictionary/sense/en_us_NOAD3e_2012/m_en_us1237850.017,/dictionary/sense/en_us_NOAD3e_2012/m_en_us1237850.038
[0],charge,0.6367,/dictionary/sense/en_us_NOAD3e_2012/m_en_us1232154.015,/dictionary/sense/en_us_NOAD3e_2012/m_en_us1232154.017
[0],where,0.5296,/dictionary/sense/en_us_NOAD3e_2012/m_en_us1305971.001,/dictionary/sense/en_us_NOAD3e_2012/m_en_us1305971.005
[0],use,0.6493,/dictionary/sense/en_us_NOAD3e_2012/m_en_us1303226.001,/dictionary/sense/en_us_NOAD3e_2012/m_en_us1303226.008
[0],nature,0.5642000000000001,/dictionary/sense/en_us_NOAD3e_2012/m_en_us1270646.005,/dictionary/sense/en_us_NOAD3e_2012/m_en_us1270646.001
[0],wave,0.8309,/dictionary/sense/en_us_NOAD3e_2012/m_en_us1305390.008,/dictionary/sense/en_us_NOAD3e_2012/m_en_us1305390.001
[0],sign,0.7767999999999999,/dictionary/sense/en_us_NOAD3e_2012/m_en_us1290621.016,/dictionary/sense/en_us_NOAD3e_2012/m_en_us1290621.001
[0],next,0.5291000000000001,/dictionary/sense/en_us_NOAD3e_2012/m_en_us1271334.001,/dictionary/sense/en_us_NOAD3e_2012/m_en_us1271334.004
[0],develop,0.5339999999999999,/dictionary/sense/en_us_NOAD3e_2012/m_en_us1239896.001,/dictionary/sense/en_us_NOAD3e_2012/m_en_us1239896.009
[0],fast,0.5441,/dictionary/sense/en_us_NOAD3e_2012/m_en_us1246352.013,/dictionary/sense/en_us_NOAD3e_2012/m_en_us1246352.001
[0],present,0.7146,/dictionary/sense/en_us_NOAD3e_2012/m_en_us1280476.001,/dictionary/sense/en_us_NOAD3e_2012/m_en_us1280475.003
[0],know,0.5324,/dictionary/sense/en_us_NOAD3e_2012/m_en_us1261363.001,/dictionary/sense/en_us_NOAD3e_2012/m_en_us1261363.004
[0],reach,0.5304,/dictionary/sense/en_us_NOAD3e_2012/m_en_us1283234.007,/dictionary/sense/en_us_NOAD3e_2012/m_en_us1283234.001
[0],high,0.5391,/dictionary/sense/en_us_NOAD3e_2012/m_en_us1254840.009,/dictionary/sense/en_us_NOAD3e_2012/m_en_us1254840.001
[0],foot,0.522,/dictionary/sense/en_us_NOAD3e_2012/m_en_us1248262.001,/dictionary/sense/en_us_NOAD3e_2012/m_en_us1248262.013
[0],status,0.6101,/dictionary/sense/en_us_NOAD3e_2012/m_en_us1294036.004,/dictionary/sense/en_us_NOAD3e_2012/m_en_us1294036.001
[0],alone,0.5447,/dictionary/sense/en_us_NOAD3e_2012/m_en_us1221143.001,/dictionary/sense/en_us_NOAD3e_2012/m_en_us1221143.005
[0],ask,0.5351000000000001,/dictionary/sense/en_us_NOAD3e_2012/m_en_us1223272.001,/dictionary/sense/en_us_NOAD3e_2012/m_en_us1223272.004
[0],apply,0.6019000000000001,/dictionary/sense/en_us_NOAD3e_2012/m_en_us1222532.003,/dictionary/sense/en_us_NOAD3e_2012/m_en_us1222532.007
[0],marry,0.5892999999999999,/dictionary/sense/en_us_NOAD3e_2012/m_en_us1266218.001,/dictionary/sense/en_us_NOAD3e_2012/m_en_us1266212.001
[0],tell,0.6352,/dictionary/sense/en_us_NOAD3e_2012/m_en_us1297608.001,/dictionary/sense/en_us_NOAD3e_2012/m_en_us1297608.007
[0],tear,1.0,/dictionary/sense/en_us_NOAD3e_2012/m_en_us1297381.001,/dictionary/sense/en_us_NOAD3e_2012/m_en_us1297382.001
[0],score,0.6181,/dictionary/sense/en_us_NOAD3e_2012/m_en_us1287919.001,/dictionary/sense/en_us_NOAD3e_2012/m_en_us1287919.014
[0],space,0.5754999999999999,/dictionary/sense/en_us_NOAD3e_2012/m_en_us1292678.001,/dictionary/sense/en_us_NOAD3e_2012/m_en_us1292678.012
[0],value,0.6767000000000001,/dictionary/sense/en_us_NOAD3e_2012/m_en_us1303448.007,/dictionary/sense/en_us_NOAD3e_2012/m_en_us1303448.001
[0],return,0.5484,/dictionary/sense/en_us_NOAD3e_2012/m_en_us1284725.001,/dictionary/sense/en_us_NOAD3e_2012/m_en_us1284725.005
[0],class,0.592,/dictionary/sense/en_us_NOAD3e_2012/m_en_us1233535.007,/dictionary/sense/en_us_NOAD3e_2012/m_en_us1233535.001
[0],term,0.6305000000000001,/dictionary/sense/en_us_NOAD3e_2012/m_en_us1297843.004,/dictionary/sense/en_us_NOAD3e_2012/m_en_us1297843.001
[0],light,0.5840000000000001,/dictionary/sense/en_us_NOAD3e_2012/m_en_us1263395.001,/dictionary/sense/en_us_NOAD3e_2012/m_en_us1263396.001
[0],design,0.5893999999999998,/dictionary/sense/en_us_NOAD3e_2012/m_en_us1239718.001,/dictionary/sense/en_us_NOAD3e_2012/m_en_us1239718.004
[0],enter,0.5572,/dictionary/sense/en_us_NOAD3e_2012/m_en_us1244298.001,/dictionary/sense/en_us_NOAD3e_2012/m_en_us1244298.006
